<?xml version="1.0" encoding="UTF-8"?>
<beans xmlns="http://www.springframework.org/schema/beans"
       xmlns:xsi="http://www.w3.org/2001/XMLSchema-instance"

       xsi:schemaLocation="http://www.springframework.org/schema/beans http://www.springframework.org/schema/beans/spring-beans-3.2.xsd
">

    <bean id="ResturentBean" class="DI.Resturent" init-method="init" destroy-method="destroy">
        <!--/Constructor eka set Karana hati//-->
        <!--<constructor-arg ref="TeaBean"/>-->
        <!--//////////-->
        <property name="welcomenote" value="welcome"></property>
        <property name="t"  ref="TeaBean"></property>
        
    </bean>
    <bean id="TeaBean" class="DI.Tea">
    
    </bean>
</beans>

